Thema,Anzahl,Date
abfall,0,2025-02-18
altlasten,0,2025-02-18
bildung,0,2025-02-18
forschung,0,2025-02-18
innovation,0,2025-02-18
biodiversitat,0,2025-02-18
biotechnologie,0,2025-02-18
boden,20,2025-02-18
chemikalien,0,2025-02-18
elektrosmog,0,2025-02-18
licht,0,2025-02-18
ernahrung,0,2025-02-18
wohnen,0,2025-02-18
mobilitat,0,2025-02-18
gesundheit,0,2025-02-18
internationales,0,2025-02-18
klima,5,2025-02-18
landschaft,0,2025-02-18
larm,1,2025-02-18
luft,1,2025-02-18
naturgefahren,0,2025-02-18
recht,0,2025-02-18
storfallvorsorge,0,2025-02-18
umweltvertraglichkeitsprufung,0,2025-02-18
wald,50,2025-02-18
holz,0,2025-02-18
wasser,0,2025-02-18
wirtschaft,0,2025-02-18
konsum,0,2025-02-18
abfall,0,2025-02-19
altlasten,0,2025-02-19
bildung,0,2025-02-19
forschung,0,2025-02-19
innovation,0,2025-02-19
biodiversitat,0,2025-02-19
biotechnologie,0,2025-02-19
boden,20,2025-02-19
chemikalien,0,2025-02-19
elektrosmog,0,2025-02-19
licht,0,2025-02-19
ernahrung,0,2025-02-19
wohnen,0,2025-02-19
mobilitat,0,2025-02-19
gesundheit,0,2025-02-19
internationales,0,2025-02-19
klima,5,2025-02-19
landschaft,0,2025-02-19
larm,1,2025-02-19
luft,1,2025-02-19
naturgefahren,0,2025-02-19
recht,0,2025-02-19
storfallvorsorge,0,2025-02-19
umweltvertraglichkeitsprufung,0,2025-02-19
wald,50,2025-02-19
holz,0,2025-02-19
wasser,0,2025-02-19
wirtschaft,0,2025-02-19
konsum,0,2025-02-19
abfall,0,2025-02-20
altlasten,0,2025-02-20
bildung,0,2025-02-20
forschung,0,2025-02-20
innovation,0,2025-02-20
biodiversitat,0,2025-02-20
biotechnologie,0,2025-02-20
boden,20,2025-02-20
chemikalien,0,2025-02-20
elektrosmog,0,2025-02-20
licht,0,2025-02-20
ernahrung,0,2025-02-20
wohnen,0,2025-02-20
mobilitat,0,2025-02-20
gesundheit,0,2025-02-20
internationales,0,2025-02-20
klima,5,2025-02-20
landschaft,0,2025-02-20
larm,1,2025-02-20
luft,1,2025-02-20
naturgefahren,0,2025-02-20
recht,0,2025-02-20
storfallvorsorge,0,2025-02-20
umweltvertraglichkeitsprufung,0,2025-02-20
wald,50,2025-02-20
holz,0,2025-02-20
wasser,0,2025-02-20
wirtschaft,0,2025-02-20
konsum,0,2025-02-20
abfall,0,2025-02-21
altlasten,0,2025-02-21
bildung,0,2025-02-21
forschung,0,2025-02-21
innovation,0,2025-02-21
biodiversitat,0,2025-02-21
biotechnologie,0,2025-02-21
boden,20,2025-02-21
chemikalien,0,2025-02-21
elektrosmog,0,2025-02-21
licht,0,2025-02-21
ernahrung,0,2025-02-21
wohnen,0,2025-02-21
mobilitat,0,2025-02-21
gesundheit,0,2025-02-21
internationales,0,2025-02-21
klima,5,2025-02-21
landschaft,0,2025-02-21
larm,1,2025-02-21
luft,1,2025-02-21
naturgefahren,0,2025-02-21
recht,0,2025-02-21
storfallvorsorge,0,2025-02-21
umweltvertraglichkeitsprufung,0,2025-02-21
wald,50,2025-02-21
holz,0,2025-02-21
wasser,0,2025-02-21
wirtschaft,0,2025-02-21
konsum,0,2025-02-21
abfall,0,2025-02-22
altlasten,0,2025-02-22
bildung,0,2025-02-22
forschung,0,2025-02-22
innovation,0,2025-02-22
biodiversitat,0,2025-02-22
biotechnologie,0,2025-02-22
boden,20,2025-02-22
chemikalien,0,2025-02-22
elektrosmog,0,2025-02-22
licht,0,2025-02-22
ernahrung,0,2025-02-22
wohnen,0,2025-02-22
mobilitat,0,2025-02-22
gesundheit,0,2025-02-22
internationales,0,2025-02-22
klima,5,2025-02-22
landschaft,0,2025-02-22
larm,1,2025-02-22
luft,1,2025-02-22
naturgefahren,0,2025-02-22
recht,0,2025-02-22
storfallvorsorge,0,2025-02-22
umweltvertraglichkeitsprufung,0,2025-02-22
wald,50,2025-02-22
holz,0,2025-02-22
wasser,0,2025-02-22
wirtschaft,0,2025-02-22
konsum,0,2025-02-22
abfall,0,2025-02-23
altlasten,0,2025-02-23
bildung,0,2025-02-23
forschung,0,2025-02-23
innovation,0,2025-02-23
biodiversitat,0,2025-02-23
biotechnologie,0,2025-02-23
boden,20,2025-02-23
chemikalien,0,2025-02-23
elektrosmog,0,2025-02-23
licht,0,2025-02-23
ernahrung,0,2025-02-23
wohnen,0,2025-02-23
mobilitat,0,2025-02-23
gesundheit,0,2025-02-23
internationales,0,2025-02-23
klima,5,2025-02-23
landschaft,0,2025-02-23
larm,1,2025-02-23
luft,1,2025-02-23
naturgefahren,0,2025-02-23
recht,0,2025-02-23
storfallvorsorge,0,2025-02-23
umweltvertraglichkeitsprufung,0,2025-02-23
wald,50,2025-02-23
holz,0,2025-02-23
wasser,0,2025-02-23
wirtschaft,0,2025-02-23
konsum,0,2025-02-23
abfall,0,2025-02-24
altlasten,0,2025-02-24
bildung,0,2025-02-24
forschung,0,2025-02-24
innovation,0,2025-02-24
biodiversitat,0,2025-02-24
biotechnologie,0,2025-02-24
boden,20,2025-02-24
chemikalien,0,2025-02-24
elektrosmog,0,2025-02-24
licht,0,2025-02-24
ernahrung,0,2025-02-24
wohnen,0,2025-02-24
mobilitat,0,2025-02-24
gesundheit,0,2025-02-24
internationales,0,2025-02-24
klima,5,2025-02-24
landschaft,0,2025-02-24
larm,1,2025-02-24
luft,1,2025-02-24
naturgefahren,0,2025-02-24
recht,0,2025-02-24
storfallvorsorge,0,2025-02-24
umweltvertraglichkeitsprufung,0,2025-02-24
wald,50,2025-02-24
holz,0,2025-02-24
wasser,0,2025-02-24
wirtschaft,0,2025-02-24
konsum,0,2025-02-24
abfall,0,2025-02-25
altlasten,0,2025-02-25
bildung,0,2025-02-25
forschung,0,2025-02-25
innovation,0,2025-02-25
biodiversitat,0,2025-02-25
biotechnologie,0,2025-02-25
boden,20,2025-02-25
chemikalien,0,2025-02-25
elektrosmog,0,2025-02-25
licht,0,2025-02-25
ernahrung,0,2025-02-25
wohnen,0,2025-02-25
mobilitat,0,2025-02-25
gesundheit,0,2025-02-25
internationales,0,2025-02-25
klima,5,2025-02-25
landschaft,0,2025-02-25
larm,1,2025-02-25
luft,1,2025-02-25
naturgefahren,0,2025-02-25
recht,0,2025-02-25
storfallvorsorge,0,2025-02-25
umweltvertraglichkeitsprufung,0,2025-02-25
wald,50,2025-02-25
holz,0,2025-02-25
wasser,0,2025-02-25
wirtschaft,0,2025-02-25
konsum,0,2025-02-25
abfall,0,2025-02-26
altlasten,0,2025-02-26
bildung,0,2025-02-26
forschung,0,2025-02-26
innovation,0,2025-02-26
biodiversitat,0,2025-02-26
biotechnologie,0,2025-02-26
boden,20,2025-02-26
chemikalien,0,2025-02-26
elektrosmog,0,2025-02-26
licht,0,2025-02-26
ernahrung,0,2025-02-26
wohnen,0,2025-02-26
mobilitat,0,2025-02-26
gesundheit,0,2025-02-26
internationales,0,2025-02-26
klima,5,2025-02-26
landschaft,0,2025-02-26
larm,1,2025-02-26
luft,1,2025-02-26
naturgefahren,0,2025-02-26
recht,0,2025-02-26
storfallvorsorge,0,2025-02-26
umweltvertraglichkeitsprufung,0,2025-02-26
wald,50,2025-02-26
holz,0,2025-02-26
wasser,0,2025-02-26
wirtschaft,0,2025-02-26
konsum,0,2025-02-26
abfall,0,2025-02-27
altlasten,0,2025-02-27
bildung,0,2025-02-27
forschung,0,2025-02-27
innovation,0,2025-02-27
biodiversitat,0,2025-02-27
biotechnologie,0,2025-02-27
boden,20,2025-02-27
chemikalien,0,2025-02-27
elektrosmog,0,2025-02-27
licht,0,2025-02-27
ernahrung,0,2025-02-27
wohnen,0,2025-02-27
mobilitat,0,2025-02-27
gesundheit,0,2025-02-27
internationales,0,2025-02-27
klima,5,2025-02-27
landschaft,0,2025-02-27
larm,1,2025-02-27
luft,6,2025-02-27
naturgefahren,0,2025-02-27
recht,0,2025-02-27
storfallvorsorge,0,2025-02-27
umweltvertraglichkeitsprufung,0,2025-02-27
wald,50,2025-02-27
holz,0,2025-02-27
wasser,0,2025-02-27
wirtschaft,0,2025-02-27
konsum,0,2025-02-27
abfall,0,2025-02-28
altlasten,0,2025-02-28
bildung,0,2025-02-28
forschung,0,2025-02-28
innovation,0,2025-02-28
biodiversitat,0,2025-02-28
biotechnologie,0,2025-02-28
boden,20,2025-02-28
chemikalien,0,2025-02-28
elektrosmog,0,2025-02-28
licht,0,2025-02-28
ernahrung,0,2025-02-28
wohnen,0,2025-02-28
mobilitat,0,2025-02-28
gesundheit,0,2025-02-28
internationales,0,2025-02-28
klima,5,2025-02-28
landschaft,0,2025-02-28
larm,1,2025-02-28
luft,6,2025-02-28
naturgefahren,0,2025-02-28
recht,0,2025-02-28
storfallvorsorge,0,2025-02-28
umweltvertraglichkeitsprufung,0,2025-02-28
wald,50,2025-02-28
holz,0,2025-02-28
wasser,0,2025-02-28
wirtschaft,0,2025-02-28
konsum,0,2025-02-28
abfall,0,2025-03-01
altlasten,0,2025-03-01
bildung,0,2025-03-01
forschung,0,2025-03-01
innovation,0,2025-03-01
biodiversitat,0,2025-03-01
biotechnologie,0,2025-03-01
boden,20,2025-03-01
chemikalien,0,2025-03-01
elektrosmog,0,2025-03-01
licht,0,2025-03-01
ernahrung,0,2025-03-01
wohnen,0,2025-03-01
mobilitat,0,2025-03-01
gesundheit,0,2025-03-01
internationales,0,2025-03-01
klima,5,2025-03-01
landschaft,0,2025-03-01
larm,1,2025-03-01
luft,6,2025-03-01
naturgefahren,0,2025-03-01
recht,0,2025-03-01
storfallvorsorge,0,2025-03-01
umweltvertraglichkeitsprufung,0,2025-03-01
wald,50,2025-03-01
holz,0,2025-03-01
wasser,0,2025-03-01
wirtschaft,0,2025-03-01
konsum,0,2025-03-01
abfall,0,2025-03-02
altlasten,0,2025-03-02
bildung,0,2025-03-02
forschung,0,2025-03-02
innovation,0,2025-03-02
biodiversitat,0,2025-03-02
biotechnologie,0,2025-03-02
boden,20,2025-03-02
chemikalien,0,2025-03-02
elektrosmog,0,2025-03-02
licht,0,2025-03-02
ernahrung,0,2025-03-02
wohnen,0,2025-03-02
mobilitat,0,2025-03-02
gesundheit,0,2025-03-02
internationales,0,2025-03-02
klima,5,2025-03-02
landschaft,0,2025-03-02
larm,1,2025-03-02
luft,6,2025-03-02
naturgefahren,0,2025-03-02
recht,0,2025-03-02
storfallvorsorge,0,2025-03-02
umweltvertraglichkeitsprufung,0,2025-03-02
wald,50,2025-03-02
holz,0,2025-03-02
wasser,0,2025-03-02
wirtschaft,0,2025-03-02
konsum,0,2025-03-02
abfall,0,2025-03-03
altlasten,0,2025-03-03
bildung,0,2025-03-03
forschung,0,2025-03-03
innovation,0,2025-03-03
biodiversitat,0,2025-03-03
biotechnologie,0,2025-03-03
boden,20,2025-03-03
chemikalien,0,2025-03-03
elektrosmog,0,2025-03-03
licht,0,2025-03-03
ernahrung,0,2025-03-03
wohnen,0,2025-03-03
mobilitat,0,2025-03-03
gesundheit,0,2025-03-03
internationales,0,2025-03-03
klima,5,2025-03-03
landschaft,0,2025-03-03
larm,1,2025-03-03
luft,6,2025-03-03
naturgefahren,0,2025-03-03
recht,0,2025-03-03
storfallvorsorge,0,2025-03-03
umweltvertraglichkeitsprufung,0,2025-03-03
wald,50,2025-03-03
holz,0,2025-03-03
wasser,0,2025-03-03
wirtschaft,0,2025-03-03
konsum,0,2025-03-03
abfall,0,2025-03-04
altlasten,0,2025-03-04
bildung,0,2025-03-04
forschung,0,2025-03-04
innovation,0,2025-03-04
biodiversitat,0,2025-03-04
biotechnologie,0,2025-03-04
boden,20,2025-03-04
chemikalien,0,2025-03-04
elektrosmog,0,2025-03-04
licht,0,2025-03-04
ernahrung,0,2025-03-04
wohnen,0,2025-03-04
mobilitat,0,2025-03-04
gesundheit,0,2025-03-04
internationales,0,2025-03-04
klima,5,2025-03-04
landschaft,0,2025-03-04
larm,1,2025-03-04
luft,6,2025-03-04
naturgefahren,0,2025-03-04
recht,0,2025-03-04
storfallvorsorge,0,2025-03-04
umweltvertraglichkeitsprufung,0,2025-03-04
wald,50,2025-03-04
holz,0,2025-03-04
wasser,0,2025-03-04
wirtschaft,0,2025-03-04
konsum,0,2025-03-04
abfall,0,2025-03-05
altlasten,0,2025-03-05
bildung,0,2025-03-05
forschung,0,2025-03-05
innovation,0,2025-03-05
biodiversitat,0,2025-03-05
biotechnologie,0,2025-03-05
boden,20,2025-03-05
chemikalien,0,2025-03-05
elektrosmog,0,2025-03-05
licht,0,2025-03-05
ernahrung,0,2025-03-05
wohnen,0,2025-03-05
mobilitat,0,2025-03-05
gesundheit,0,2025-03-05
internationales,0,2025-03-05
klima,5,2025-03-05
landschaft,0,2025-03-05
larm,1,2025-03-05
luft,5,2025-03-05
naturgefahren,0,2025-03-05
recht,0,2025-03-05
storfallvorsorge,0,2025-03-05
umweltvertraglichkeitsprufung,0,2025-03-05
wald,50,2025-03-05
holz,0,2025-03-05
wasser,0,2025-03-05
wirtschaft,0,2025-03-05
konsum,0,2025-03-05
abfall,0,2025-03-06
altlasten,0,2025-03-06
bildung,0,2025-03-06
forschung,0,2025-03-06
innovation,0,2025-03-06
biodiversitat,0,2025-03-06
biotechnologie,0,2025-03-06
boden,20,2025-03-06
chemikalien,0,2025-03-06
elektrosmog,0,2025-03-06
licht,0,2025-03-06
ernahrung,0,2025-03-06
wohnen,0,2025-03-06
mobilitat,0,2025-03-06
gesundheit,0,2025-03-06
internationales,0,2025-03-06
klima,5,2025-03-06
landschaft,0,2025-03-06
larm,1,2025-03-06
luft,5,2025-03-06
naturgefahren,0,2025-03-06
recht,0,2025-03-06
storfallvorsorge,0,2025-03-06
umweltvertraglichkeitsprufung,0,2025-03-06
wald,50,2025-03-06
holz,0,2025-03-06
wasser,0,2025-03-06
wirtschaft,0,2025-03-06
konsum,0,2025-03-06
abfall,0,2025-03-07
altlasten,0,2025-03-07
bildung,0,2025-03-07
forschung,0,2025-03-07
innovation,0,2025-03-07
biodiversitat,0,2025-03-07
biotechnologie,0,2025-03-07
boden,20,2025-03-07
chemikalien,0,2025-03-07
elektrosmog,0,2025-03-07
licht,0,2025-03-07
ernahrung,0,2025-03-07
wohnen,0,2025-03-07
mobilitat,0,2025-03-07
gesundheit,0,2025-03-07
internationales,0,2025-03-07
klima,5,2025-03-07
landschaft,0,2025-03-07
larm,1,2025-03-07
luft,5,2025-03-07
naturgefahren,0,2025-03-07
recht,0,2025-03-07
storfallvorsorge,0,2025-03-07
umweltvertraglichkeitsprufung,0,2025-03-07
wald,50,2025-03-07
holz,0,2025-03-07
wasser,0,2025-03-07
wirtschaft,0,2025-03-07
konsum,0,2025-03-07
abfall,0,2025-03-08
altlasten,0,2025-03-08
bildung,0,2025-03-08
forschung,0,2025-03-08
innovation,0,2025-03-08
biodiversitat,0,2025-03-08
biotechnologie,0,2025-03-08
boden,20,2025-03-08
chemikalien,0,2025-03-08
elektrosmog,0,2025-03-08
licht,0,2025-03-08
ernahrung,0,2025-03-08
wohnen,0,2025-03-08
mobilitat,0,2025-03-08
gesundheit,0,2025-03-08
internationales,0,2025-03-08
klima,5,2025-03-08
landschaft,0,2025-03-08
larm,1,2025-03-08
luft,5,2025-03-08
naturgefahren,0,2025-03-08
recht,0,2025-03-08
storfallvorsorge,0,2025-03-08
umweltvertraglichkeitsprufung,0,2025-03-08
wald,50,2025-03-08
holz,0,2025-03-08
wasser,0,2025-03-08
wirtschaft,0,2025-03-08
konsum,0,2025-03-08
abfall,0,2025-03-09
altlasten,0,2025-03-09
bildung,0,2025-03-09
forschung,0,2025-03-09
innovation,0,2025-03-09
biodiversitat,0,2025-03-09
biotechnologie,0,2025-03-09
boden,20,2025-03-09
chemikalien,0,2025-03-09
elektrosmog,0,2025-03-09
licht,0,2025-03-09
ernahrung,0,2025-03-09
wohnen,0,2025-03-09
mobilitat,0,2025-03-09
gesundheit,0,2025-03-09
internationales,0,2025-03-09
klima,5,2025-03-09
landschaft,0,2025-03-09
larm,1,2025-03-09
luft,5,2025-03-09
naturgefahren,0,2025-03-09
recht,0,2025-03-09
storfallvorsorge,0,2025-03-09
umweltvertraglichkeitsprufung,0,2025-03-09
wald,50,2025-03-09
holz,0,2025-03-09
wasser,0,2025-03-09
wirtschaft,0,2025-03-09
konsum,0,2025-03-09
abfall,0,2025-03-10
altlasten,0,2025-03-10
bildung,0,2025-03-10
forschung,0,2025-03-10
innovation,0,2025-03-10
biodiversitat,0,2025-03-10
biotechnologie,0,2025-03-10
boden,20,2025-03-10
chemikalien,0,2025-03-10
elektrosmog,0,2025-03-10
licht,0,2025-03-10
ernahrung,0,2025-03-10
wohnen,0,2025-03-10
mobilitat,0,2025-03-10
gesundheit,0,2025-03-10
internationales,0,2025-03-10
klima,5,2025-03-10
landschaft,0,2025-03-10
larm,1,2025-03-10
luft,5,2025-03-10
naturgefahren,0,2025-03-10
recht,0,2025-03-10
storfallvorsorge,0,2025-03-10
umweltvertraglichkeitsprufung,0,2025-03-10
wald,50,2025-03-10
holz,0,2025-03-10
wasser,0,2025-03-10
wirtschaft,0,2025-03-10
konsum,0,2025-03-10
abfall,0,2025-03-11
altlasten,0,2025-03-11
bildung,0,2025-03-11
forschung,0,2025-03-11
innovation,0,2025-03-11
biodiversitat,0,2025-03-11
biotechnologie,0,2025-03-11
boden,20,2025-03-11
chemikalien,0,2025-03-11
elektrosmog,0,2025-03-11
licht,0,2025-03-11
ernahrung,0,2025-03-11
wohnen,0,2025-03-11
mobilitat,0,2025-03-11
gesundheit,0,2025-03-11
internationales,0,2025-03-11
klima,5,2025-03-11
landschaft,0,2025-03-11
larm,1,2025-03-11
luft,5,2025-03-11
naturgefahren,0,2025-03-11
recht,0,2025-03-11
storfallvorsorge,0,2025-03-11
umweltvertraglichkeitsprufung,0,2025-03-11
wald,50,2025-03-11
holz,0,2025-03-11
wasser,0,2025-03-11
wirtschaft,0,2025-03-11
konsum,0,2025-03-11
abfall,0,2025-03-12
altlasten,0,2025-03-12
bildung,0,2025-03-12
forschung,0,2025-03-12
innovation,0,2025-03-12
biodiversitat,0,2025-03-12
biotechnologie,0,2025-03-12
boden,20,2025-03-12
chemikalien,0,2025-03-12
elektrosmog,0,2025-03-12
licht,0,2025-03-12
ernahrung,0,2025-03-12
wohnen,0,2025-03-12
mobilitat,0,2025-03-12
gesundheit,0,2025-03-12
internationales,0,2025-03-12
klima,5,2025-03-12
landschaft,0,2025-03-12
larm,1,2025-03-12
luft,5,2025-03-12
naturgefahren,0,2025-03-12
recht,0,2025-03-12
storfallvorsorge,0,2025-03-12
umweltvertraglichkeitsprufung,0,2025-03-12
wald,50,2025-03-12
holz,0,2025-03-12
wasser,0,2025-03-12
wirtschaft,0,2025-03-12
konsum,0,2025-03-12
abfall,0,2025-03-13
altlasten,0,2025-03-13
bildung,0,2025-03-13
forschung,0,2025-03-13
innovation,0,2025-03-13
biodiversitat,0,2025-03-13
biotechnologie,0,2025-03-13
boden,20,2025-03-13
chemikalien,0,2025-03-13
elektrosmog,0,2025-03-13
licht,0,2025-03-13
ernahrung,0,2025-03-13
wohnen,0,2025-03-13
mobilitat,0,2025-03-13
gesundheit,0,2025-03-13
internationales,0,2025-03-13
klima,5,2025-03-13
landschaft,0,2025-03-13
larm,1,2025-03-13
luft,5,2025-03-13
naturgefahren,0,2025-03-13
recht,0,2025-03-13
storfallvorsorge,0,2025-03-13
umweltvertraglichkeitsprufung,0,2025-03-13
wald,50,2025-03-13
holz,0,2025-03-13
wasser,0,2025-03-13
wirtschaft,0,2025-03-13
konsum,0,2025-03-13
abfall,0,2025-03-14
altlasten,0,2025-03-14
bildung,0,2025-03-14
forschung,0,2025-03-14
innovation,0,2025-03-14
biodiversitat,0,2025-03-14
biotechnologie,0,2025-03-14
boden,20,2025-03-14
chemikalien,0,2025-03-14
elektrosmog,0,2025-03-14
licht,0,2025-03-14
ernahrung,0,2025-03-14
wohnen,0,2025-03-14
mobilitat,0,2025-03-14
gesundheit,0,2025-03-14
internationales,0,2025-03-14
klima,5,2025-03-14
landschaft,0,2025-03-14
larm,1,2025-03-14
luft,5,2025-03-14
naturgefahren,0,2025-03-14
recht,0,2025-03-14
storfallvorsorge,0,2025-03-14
umweltvertraglichkeitsprufung,0,2025-03-14
wald,50,2025-03-14
holz,0,2025-03-14
wasser,0,2025-03-14
wirtschaft,0,2025-03-14
konsum,0,2025-03-14
abfall,0,2025-03-15
altlasten,0,2025-03-15
bildung,0,2025-03-15
forschung,0,2025-03-15
innovation,0,2025-03-15
biodiversitat,0,2025-03-15
biotechnologie,0,2025-03-15
boden,20,2025-03-15
chemikalien,0,2025-03-15
elektrosmog,0,2025-03-15
licht,0,2025-03-15
ernahrung,0,2025-03-15
wohnen,0,2025-03-15
mobilitat,0,2025-03-15
gesundheit,0,2025-03-15
internationales,0,2025-03-15
klima,5,2025-03-15
landschaft,0,2025-03-15
larm,1,2025-03-15
luft,5,2025-03-15
naturgefahren,0,2025-03-15
recht,0,2025-03-15
storfallvorsorge,0,2025-03-15
umweltvertraglichkeitsprufung,0,2025-03-15
wald,50,2025-03-15
holz,0,2025-03-15
wasser,0,2025-03-15
wirtschaft,0,2025-03-15
konsum,0,2025-03-15
abfall,0,2025-03-16
altlasten,0,2025-03-16
bildung,0,2025-03-16
forschung,0,2025-03-16
innovation,0,2025-03-16
biodiversitat,0,2025-03-16
biotechnologie,0,2025-03-16
boden,20,2025-03-16
chemikalien,0,2025-03-16
elektrosmog,0,2025-03-16
licht,0,2025-03-16
ernahrung,0,2025-03-16
wohnen,0,2025-03-16
mobilitat,0,2025-03-16
gesundheit,0,2025-03-16
internationales,0,2025-03-16
klima,5,2025-03-16
landschaft,0,2025-03-16
larm,1,2025-03-16
luft,5,2025-03-16
naturgefahren,0,2025-03-16
recht,0,2025-03-16
storfallvorsorge,0,2025-03-16
umweltvertraglichkeitsprufung,0,2025-03-16
wald,50,2025-03-16
holz,0,2025-03-16
wasser,0,2025-03-16
wirtschaft,0,2025-03-16
konsum,0,2025-03-16
abfall,0,2025-03-17
altlasten,0,2025-03-17
bildung,0,2025-03-17
forschung,0,2025-03-17
innovation,0,2025-03-17
biodiversitat,0,2025-03-17
biotechnologie,0,2025-03-17
boden,20,2025-03-17
chemikalien,0,2025-03-17
elektrosmog,0,2025-03-17
licht,0,2025-03-17
ernahrung,0,2025-03-17
wohnen,0,2025-03-17
mobilitat,0,2025-03-17
gesundheit,0,2025-03-17
internationales,0,2025-03-17
klima,5,2025-03-17
landschaft,0,2025-03-17
larm,1,2025-03-17
luft,5,2025-03-17
naturgefahren,0,2025-03-17
recht,0,2025-03-17
storfallvorsorge,0,2025-03-17
umweltvertraglichkeitsprufung,0,2025-03-17
wald,50,2025-03-17
holz,0,2025-03-17
wasser,0,2025-03-17
wirtschaft,0,2025-03-17
konsum,0,2025-03-17
abfall,0,2025-03-18
altlasten,0,2025-03-18
bildung,0,2025-03-18
forschung,0,2025-03-18
innovation,0,2025-03-18
biodiversitat,0,2025-03-18
biotechnologie,0,2025-03-18
boden,20,2025-03-18
chemikalien,0,2025-03-18
elektrosmog,0,2025-03-18
licht,0,2025-03-18
ernahrung,0,2025-03-18
wohnen,0,2025-03-18
mobilitat,0,2025-03-18
gesundheit,0,2025-03-18
internationales,0,2025-03-18
klima,5,2025-03-18
landschaft,0,2025-03-18
larm,1,2025-03-18
luft,5,2025-03-18
naturgefahren,0,2025-03-18
recht,0,2025-03-18
storfallvorsorge,0,2025-03-18
umweltvertraglichkeitsprufung,0,2025-03-18
wald,50,2025-03-18
holz,0,2025-03-18
wasser,0,2025-03-18
wirtschaft,0,2025-03-18
konsum,0,2025-03-18
abfall,0,2025-03-19
altlasten,0,2025-03-19
bildung,0,2025-03-19
forschung,0,2025-03-19
innovation,0,2025-03-19
biodiversitat,0,2025-03-19
biotechnologie,0,2025-03-19
boden,20,2025-03-19
chemikalien,0,2025-03-19
elektrosmog,0,2025-03-19
licht,0,2025-03-19
ernahrung,0,2025-03-19
wohnen,0,2025-03-19
mobilitat,0,2025-03-19
gesundheit,0,2025-03-19
internationales,0,2025-03-19
klima,5,2025-03-19
landschaft,0,2025-03-19
larm,1,2025-03-19
luft,5,2025-03-19
naturgefahren,0,2025-03-19
recht,0,2025-03-19
storfallvorsorge,0,2025-03-19
umweltvertraglichkeitsprufung,0,2025-03-19
wald,50,2025-03-19
holz,0,2025-03-19
wasser,0,2025-03-19
wirtschaft,0,2025-03-19
konsum,0,2025-03-19
abfall,0,2025-03-20
altlasten,0,2025-03-20
bildung,0,2025-03-20
forschung,0,2025-03-20
innovation,0,2025-03-20
biodiversitat,0,2025-03-20
biotechnologie,0,2025-03-20
boden,20,2025-03-20
chemikalien,0,2025-03-20
elektrosmog,0,2025-03-20
licht,0,2025-03-20
ernahrung,0,2025-03-20
wohnen,0,2025-03-20
mobilitat,0,2025-03-20
gesundheit,0,2025-03-20
internationales,0,2025-03-20
klima,5,2025-03-20
landschaft,0,2025-03-20
larm,0,2025-03-20
luft,5,2025-03-20
naturgefahren,0,2025-03-20
recht,0,2025-03-20
storfallvorsorge,0,2025-03-20
umweltvertraglichkeitsprufung,0,2025-03-20
wald,50,2025-03-20
holz,0,2025-03-20
wasser,0,2025-03-20
wirtschaft,0,2025-03-20
konsum,0,2025-03-20
abfall,0,2025-03-21
altlasten,0,2025-03-21
bildung,0,2025-03-21
forschung,0,2025-03-21
innovation,0,2025-03-21
biodiversitat,0,2025-03-21
biotechnologie,0,2025-03-21
boden,20,2025-03-21
chemikalien,0,2025-03-21
elektrosmog,0,2025-03-21
licht,0,2025-03-21
ernahrung,0,2025-03-21
wohnen,0,2025-03-21
mobilitat,0,2025-03-21
gesundheit,0,2025-03-21
internationales,0,2025-03-21
klima,5,2025-03-21
landschaft,0,2025-03-21
larm,0,2025-03-21
luft,5,2025-03-21
naturgefahren,0,2025-03-21
recht,0,2025-03-21
storfallvorsorge,0,2025-03-21
umweltvertraglichkeitsprufung,0,2025-03-21
wald,50,2025-03-21
holz,0,2025-03-21
wasser,0,2025-03-21
wirtschaft,0,2025-03-21
konsum,0,2025-03-21
abfall,0,2025-03-22
altlasten,0,2025-03-22
bildung,0,2025-03-22
forschung,0,2025-03-22
innovation,0,2025-03-22
biodiversitat,0,2025-03-22
biotechnologie,0,2025-03-22
boden,20,2025-03-22
chemikalien,0,2025-03-22
elektrosmog,0,2025-03-22
licht,0,2025-03-22
ernahrung,0,2025-03-22
wohnen,0,2025-03-22
mobilitat,0,2025-03-22
gesundheit,0,2025-03-22
internationales,0,2025-03-22
klima,5,2025-03-22
landschaft,0,2025-03-22
larm,0,2025-03-22
luft,5,2025-03-22
naturgefahren,0,2025-03-22
recht,0,2025-03-22
storfallvorsorge,0,2025-03-22
umweltvertraglichkeitsprufung,0,2025-03-22
wald,50,2025-03-22
holz,0,2025-03-22
wasser,0,2025-03-22
wirtschaft,0,2025-03-22
konsum,0,2025-03-22
abfall,0,2025-03-23
altlasten,0,2025-03-23
bildung,0,2025-03-23
forschung,0,2025-03-23
innovation,0,2025-03-23
biodiversitat,0,2025-03-23
biotechnologie,0,2025-03-23
boden,20,2025-03-23
chemikalien,0,2025-03-23
elektrosmog,0,2025-03-23
licht,0,2025-03-23
ernahrung,0,2025-03-23
wohnen,0,2025-03-23
mobilitat,0,2025-03-23
gesundheit,0,2025-03-23
internationales,0,2025-03-23
klima,5,2025-03-23
landschaft,0,2025-03-23
larm,0,2025-03-23
luft,5,2025-03-23
naturgefahren,0,2025-03-23
recht,0,2025-03-23
storfallvorsorge,0,2025-03-23
umweltvertraglichkeitsprufung,0,2025-03-23
wald,50,2025-03-23
holz,0,2025-03-23
wasser,0,2025-03-23
wirtschaft,0,2025-03-23
konsum,0,2025-03-23
abfall,0,2025-03-24
altlasten,0,2025-03-24
bildung,0,2025-03-24
forschung,0,2025-03-24
innovation,0,2025-03-24
biodiversitat,0,2025-03-24
biotechnologie,0,2025-03-24
boden,20,2025-03-24
chemikalien,0,2025-03-24
elektrosmog,0,2025-03-24
licht,0,2025-03-24
ernahrung,0,2025-03-24
wohnen,0,2025-03-24
mobilitat,0,2025-03-24
gesundheit,0,2025-03-24
internationales,0,2025-03-24
klima,5,2025-03-24
landschaft,0,2025-03-24
larm,0,2025-03-24
luft,5,2025-03-24
naturgefahren,0,2025-03-24
recht,0,2025-03-24
storfallvorsorge,0,2025-03-24
umweltvertraglichkeitsprufung,0,2025-03-24
wald,50,2025-03-24
holz,0,2025-03-24
wasser,0,2025-03-24
wirtschaft,0,2025-03-24
konsum,0,2025-03-24
abfall,0,2025-03-25
altlasten,0,2025-03-25
bildung,0,2025-03-25
forschung,0,2025-03-25
innovation,0,2025-03-25
biodiversitat,0,2025-03-25
biotechnologie,0,2025-03-25
boden,20,2025-03-25
chemikalien,0,2025-03-25
elektrosmog,0,2025-03-25
licht,0,2025-03-25
ernahrung,0,2025-03-25
wohnen,0,2025-03-25
mobilitat,0,2025-03-25
gesundheit,0,2025-03-25
internationales,0,2025-03-25
klima,5,2025-03-25
landschaft,0,2025-03-25
larm,0,2025-03-25
luft,5,2025-03-25
naturgefahren,0,2025-03-25
recht,0,2025-03-25
storfallvorsorge,0,2025-03-25
umweltvertraglichkeitsprufung,0,2025-03-25
wald,50,2025-03-25
holz,0,2025-03-25
wasser,0,2025-03-25
wirtschaft,0,2025-03-25
konsum,0,2025-03-25
abfall,0,2025-03-26
altlasten,0,2025-03-26
bildung,0,2025-03-26
forschung,0,2025-03-26
innovation,0,2025-03-26
biodiversitat,0,2025-03-26
biotechnologie,0,2025-03-26
boden,20,2025-03-26
chemikalien,0,2025-03-26
elektrosmog,0,2025-03-26
licht,0,2025-03-26
ernahrung,0,2025-03-26
wohnen,0,2025-03-26
mobilitat,0,2025-03-26
gesundheit,0,2025-03-26
internationales,0,2025-03-26
klima,5,2025-03-26
landschaft,0,2025-03-26
larm,0,2025-03-26
luft,5,2025-03-26
naturgefahren,0,2025-03-26
recht,0,2025-03-26
storfallvorsorge,0,2025-03-26
umweltvertraglichkeitsprufung,0,2025-03-26
wald,50,2025-03-26
holz,0,2025-03-26
wasser,0,2025-03-26
wirtschaft,0,2025-03-26
konsum,0,2025-03-26
abfall,0,2025-03-27
altlasten,0,2025-03-27
bildung,0,2025-03-27
forschung,0,2025-03-27
innovation,0,2025-03-27
biodiversitat,0,2025-03-27
biotechnologie,0,2025-03-27
boden,20,2025-03-27
chemikalien,0,2025-03-27
elektrosmog,0,2025-03-27
licht,0,2025-03-27
ernahrung,0,2025-03-27
wohnen,0,2025-03-27
mobilitat,0,2025-03-27
gesundheit,0,2025-03-27
internationales,0,2025-03-27
klima,5,2025-03-27
landschaft,0,2025-03-27
larm,0,2025-03-27
luft,5,2025-03-27
naturgefahren,0,2025-03-27
recht,0,2025-03-27
storfallvorsorge,0,2025-03-27
umweltvertraglichkeitsprufung,0,2025-03-27
wald,50,2025-03-27
holz,0,2025-03-27
wasser,0,2025-03-27
wirtschaft,0,2025-03-27
konsum,0,2025-03-27
abfall,0,2025-03-28
altlasten,0,2025-03-28
bildung,0,2025-03-28
forschung,0,2025-03-28
innovation,0,2025-03-28
biodiversitat,0,2025-03-28
biotechnologie,0,2025-03-28
boden,20,2025-03-28
chemikalien,0,2025-03-28
elektrosmog,0,2025-03-28
licht,0,2025-03-28
ernahrung,0,2025-03-28
wohnen,0,2025-03-28
mobilitat,0,2025-03-28
gesundheit,0,2025-03-28
internationales,0,2025-03-28
klima,5,2025-03-28
landschaft,0,2025-03-28
larm,0,2025-03-28
luft,5,2025-03-28
naturgefahren,0,2025-03-28
recht,0,2025-03-28
storfallvorsorge,0,2025-03-28
umweltvertraglichkeitsprufung,0,2025-03-28
wald,50,2025-03-28
holz,0,2025-03-28
wasser,0,2025-03-28
wirtschaft,0,2025-03-28
konsum,0,2025-03-28
abfall,0,2025-03-29
altlasten,0,2025-03-29
bildung,0,2025-03-29
forschung,0,2025-03-29
innovation,0,2025-03-29
biodiversitat,0,2025-03-29
biotechnologie,0,2025-03-29
boden,20,2025-03-29
chemikalien,0,2025-03-29
elektrosmog,0,2025-03-29
licht,0,2025-03-29
ernahrung,0,2025-03-29
wohnen,0,2025-03-29
mobilitat,0,2025-03-29
gesundheit,0,2025-03-29
internationales,0,2025-03-29
klima,5,2025-03-29
landschaft,0,2025-03-29
larm,0,2025-03-29
luft,5,2025-03-29
naturgefahren,0,2025-03-29
recht,0,2025-03-29
storfallvorsorge,0,2025-03-29
umweltvertraglichkeitsprufung,0,2025-03-29
wald,50,2025-03-29
holz,0,2025-03-29
wasser,0,2025-03-29
wirtschaft,0,2025-03-29
konsum,0,2025-03-29
abfall,0,2025-03-30
altlasten,0,2025-03-30
bildung,0,2025-03-30
forschung,0,2025-03-30
innovation,0,2025-03-30
biodiversitat,0,2025-03-30
biotechnologie,0,2025-03-30
boden,20,2025-03-30
chemikalien,0,2025-03-30
elektrosmog,0,2025-03-30
licht,0,2025-03-30
ernahrung,0,2025-03-30
wohnen,0,2025-03-30
mobilitat,0,2025-03-30
gesundheit,0,2025-03-30
internationales,0,2025-03-30
klima,5,2025-03-30
landschaft,0,2025-03-30
larm,0,2025-03-30
luft,5,2025-03-30
naturgefahren,0,2025-03-30
recht,0,2025-03-30
storfallvorsorge,0,2025-03-30
umweltvertraglichkeitsprufung,0,2025-03-30
wald,50,2025-03-30
holz,0,2025-03-30
wasser,0,2025-03-30
wirtschaft,0,2025-03-30
konsum,0,2025-03-30
abfall,0,2025-03-31
altlasten,0,2025-03-31
bildung,0,2025-03-31
forschung,0,2025-03-31
innovation,0,2025-03-31
biodiversitat,0,2025-03-31
biotechnologie,0,2025-03-31
boden,20,2025-03-31
chemikalien,0,2025-03-31
elektrosmog,0,2025-03-31
licht,0,2025-03-31
ernahrung,0,2025-03-31
wohnen,0,2025-03-31
mobilitat,0,2025-03-31
gesundheit,0,2025-03-31
internationales,0,2025-03-31
klima,5,2025-03-31
landschaft,0,2025-03-31
larm,0,2025-03-31
luft,5,2025-03-31
naturgefahren,0,2025-03-31
recht,0,2025-03-31
storfallvorsorge,0,2025-03-31
umweltvertraglichkeitsprufung,0,2025-03-31
wald,50,2025-03-31
holz,0,2025-03-31
wasser,0,2025-03-31
wirtschaft,0,2025-03-31
konsum,0,2025-03-31
abfall,0,2025-04-01
altlasten,0,2025-04-01
bildung,0,2025-04-01
forschung,0,2025-04-01
innovation,0,2025-04-01
biodiversitat,0,2025-04-01
biotechnologie,0,2025-04-01
boden,20,2025-04-01
chemikalien,0,2025-04-01
elektrosmog,0,2025-04-01
licht,0,2025-04-01
ernahrung,0,2025-04-01
wohnen,0,2025-04-01
mobilitat,0,2025-04-01
gesundheit,0,2025-04-01
internationales,0,2025-04-01
klima,5,2025-04-01
landschaft,0,2025-04-01
larm,0,2025-04-01
luft,5,2025-04-01
naturgefahren,0,2025-04-01
recht,0,2025-04-01
storfallvorsorge,0,2025-04-01
umweltvertraglichkeitsprufung,0,2025-04-01
wald,50,2025-04-01
holz,0,2025-04-01
wasser,0,2025-04-01
wirtschaft,0,2025-04-01
konsum,0,2025-04-01
abfall,0,2025-04-02
altlasten,0,2025-04-02
bildung,0,2025-04-02
forschung,0,2025-04-02
innovation,0,2025-04-02
biodiversitat,0,2025-04-02
biotechnologie,0,2025-04-02
boden,20,2025-04-02
chemikalien,0,2025-04-02
elektrosmog,0,2025-04-02
licht,0,2025-04-02
ernahrung,0,2025-04-02
wohnen,0,2025-04-02
mobilitat,0,2025-04-02
gesundheit,0,2025-04-02
internationales,0,2025-04-02
klima,5,2025-04-02
landschaft,0,2025-04-02
larm,0,2025-04-02
luft,5,2025-04-02
naturgefahren,0,2025-04-02
recht,0,2025-04-02
storfallvorsorge,0,2025-04-02
umweltvertraglichkeitsprufung,0,2025-04-02
wald,50,2025-04-02
holz,0,2025-04-02
wasser,0,2025-04-02
wirtschaft,0,2025-04-02
konsum,0,2025-04-02
abfall,0,2025-04-03
altlasten,0,2025-04-03
bildung,0,2025-04-03
forschung,0,2025-04-03
innovation,0,2025-04-03
biodiversitat,0,2025-04-03
biotechnologie,0,2025-04-03
boden,20,2025-04-03
chemikalien,0,2025-04-03
elektrosmog,0,2025-04-03
licht,0,2025-04-03
ernahrung,0,2025-04-03
wohnen,0,2025-04-03
mobilitat,0,2025-04-03
gesundheit,0,2025-04-03
internationales,0,2025-04-03
klima,5,2025-04-03
landschaft,0,2025-04-03
larm,0,2025-04-03
luft,5,2025-04-03
naturgefahren,0,2025-04-03
recht,0,2025-04-03
storfallvorsorge,0,2025-04-03
umweltvertraglichkeitsprufung,0,2025-04-03
wald,50,2025-04-03
holz,0,2025-04-03
wasser,0,2025-04-03
wirtschaft,0,2025-04-03
konsum,0,2025-04-03
abfall,0,2025-04-04
altlasten,0,2025-04-04
bildung,0,2025-04-04
forschung,0,2025-04-04
innovation,0,2025-04-04
biodiversitat,0,2025-04-04
biotechnologie,0,2025-04-04
boden,20,2025-04-04
chemikalien,0,2025-04-04
elektrosmog,0,2025-04-04
licht,0,2025-04-04
ernahrung,0,2025-04-04
wohnen,0,2025-04-04
mobilitat,0,2025-04-04
gesundheit,0,2025-04-04
internationales,0,2025-04-04
klima,5,2025-04-04
landschaft,0,2025-04-04
larm,0,2025-04-04
luft,5,2025-04-04
naturgefahren,0,2025-04-04
recht,0,2025-04-04
storfallvorsorge,0,2025-04-04
umweltvertraglichkeitsprufung,0,2025-04-04
wald,50,2025-04-04
holz,0,2025-04-04
wasser,0,2025-04-04
wirtschaft,0,2025-04-04
konsum,0,2025-04-04
abfall,0,2025-04-05
altlasten,0,2025-04-05
bildung,0,2025-04-05
forschung,0,2025-04-05
innovation,0,2025-04-05
biodiversitat,0,2025-04-05
biotechnologie,0,2025-04-05
boden,20,2025-04-05
chemikalien,0,2025-04-05
elektrosmog,0,2025-04-05
licht,0,2025-04-05
ernahrung,0,2025-04-05
wohnen,0,2025-04-05
mobilitat,0,2025-04-05
gesundheit,0,2025-04-05
internationales,0,2025-04-05
klima,5,2025-04-05
landschaft,0,2025-04-05
larm,0,2025-04-05
luft,5,2025-04-05
naturgefahren,0,2025-04-05
recht,0,2025-04-05
storfallvorsorge,0,2025-04-05
umweltvertraglichkeitsprufung,0,2025-04-05
wald,50,2025-04-05
holz,0,2025-04-05
wasser,0,2025-04-05
wirtschaft,0,2025-04-05
konsum,0,2025-04-05
