License,Package,Date
terms_by,95,2025-02-12
terms_open,233,2025-02-12
terms_by,95,2025-02-13
terms_open,233,2025-02-13
terms_by,95,2025-02-14
terms_open,233,2025-02-14
terms_by,95,2025-02-15
terms_open,233,2025-02-15
terms_by,95,2025-02-16
terms_open,233,2025-02-16
terms_by,95,2025-02-17
terms_open,233,2025-02-17
terms_by,95,2025-02-18
terms_open,233,2025-02-18
terms_by,95,2025-02-19
terms_open,233,2025-02-19
terms_by,95,2025-02-20
terms_open,233,2025-02-20
terms_by,95,2025-02-21
terms_open,233,2025-02-21
terms_by,95,2025-02-22
terms_open,233,2025-02-22
terms_by,95,2025-02-23
terms_open,233,2025-02-23
terms_by,95,2025-02-24
terms_open,233,2025-02-24
terms_by,95,2025-02-25
terms_open,233,2025-02-25
terms_by,95,2025-02-26
terms_open,233,2025-02-26
terms_by,95,2025-02-27
terms_open,233,2025-02-27
terms_by,95,2025-02-28
terms_open,233,2025-02-28
terms_by,95,2025-03-01
terms_open,233,2025-03-01
terms_by,95,2025-03-02
terms_open,233,2025-03-02
terms_by,95,2025-03-03
terms_open,233,2025-03-03
terms_by,95,2025-03-04
terms_open,233,2025-03-04
terms_by,96,2025-03-05
terms_open,232,2025-03-05
terms_by,96,2025-03-06
terms_open,233,2025-03-06
terms_by,96,2025-03-07
terms_open,233,2025-03-07
terms_by,96,2025-03-08
terms_open,233,2025-03-08
terms_by,96,2025-03-09
terms_open,233,2025-03-09
terms_by,96,2025-03-10
terms_open,233,2025-03-10
terms_by,95,2025-03-11
terms_open,233,2025-03-11
terms_by,96,2025-03-12
terms_open,233,2025-03-12
terms_by,96,2025-03-13
terms_open,233,2025-03-13
terms_by,96,2025-03-14
terms_open,233,2025-03-14
terms_by,96,2025-03-15
terms_open,233,2025-03-15
terms_by,96,2025-03-16
terms_open,233,2025-03-16
terms_by,96,2025-03-17
terms_open,233,2025-03-17
terms_by,96,2025-03-18
terms_open,233,2025-03-18
terms_by,96,2025-03-19
terms_open,233,2025-03-19
terms_by,95,2025-03-20
terms_open,233,2025-03-20
terms_by,95,2025-03-21
terms_open,235,2025-03-21
terms_by,95,2025-03-22
terms_open,235,2025-03-22
terms_by,95,2025-03-23
terms_open,235,2025-03-23
terms_by,95,2025-03-24
terms_open,235,2025-03-24
terms_by,96,2025-03-25
terms_open,235,2025-03-25
terms_by,96,2025-03-26
terms_open,235,2025-03-26
terms_by,96,2025-03-27
terms_open,235,2025-03-27
terms_by,96,2025-03-28
terms_open,235,2025-03-28
terms_by,96,2025-03-29
terms_open,235,2025-03-29
terms_by,96,2025-03-30
terms_open,235,2025-03-30
terms_by,96,2025-03-31
terms_open,235,2025-03-31
terms_by,96,2025-04-01
terms_open,235,2025-04-01
terms_by,96,2025-04-02
terms_open,235,2025-04-02
terms_by,96,2025-04-03
terms_open,235,2025-04-03
terms_by,96,2025-04-04
terms_open,233,2025-04-04
terms_by,96,2025-04-05
terms_open,233,2025-04-05
terms_by,96,2025-04-06
terms_open,233,2025-04-06
terms_by,96,2025-04-07
terms_open,233,2025-04-07
terms_by,95,2025-04-08
terms_open,234,2025-04-08
terms_by,96,2025-04-09
terms_open,233,2025-04-09
terms_by,92,2025-04-10
terms_open,233,2025-04-10
terms_by,89,2025-04-11
terms_open,239,2025-04-11
terms_by,89,2025-04-12
terms_open,239,2025-04-12
terms_by,89,2025-04-13
terms_open,239,2025-04-13
terms_by,89,2025-04-14
terms_open,239,2025-04-14
terms_by,90,2025-04-15
terms_open,239,2025-04-15
terms_by,93,2025-04-16
terms_open,239,2025-04-16
terms_by,93,2025-04-17
terms_open,239,2025-04-17
terms_by,93,2025-04-18
terms_open,239,2025-04-18
terms_by,93,2025-04-19
terms_open,239,2025-04-19
terms_by,93,2025-04-20
terms_open,239,2025-04-20
terms_by,93,2025-04-21
terms_open,239,2025-04-21
terms_by,93,2025-04-22
terms_open,239,2025-04-22
terms_by,93,2025-04-23
terms_open,239,2025-04-23
terms_by,93,2025-04-24
terms_open,239,2025-04-24
terms_by,93,2025-04-25
terms_open,239,2025-04-25
terms_by,93,2025-04-26
terms_open,239,2025-04-26
terms_by,93,2025-04-27
terms_open,238,2025-04-27
terms_by,93,2025-04-28
terms_open,239,2025-04-28
terms_by,93,2025-04-29
terms_open,239,2025-04-29
terms_by,93,2025-04-30
terms_open,239,2025-04-30
terms_by,95,2025-05-01
terms_open,239,2025-05-01
terms_by,96,2025-05-02
terms_open,239,2025-05-02
terms_by,96,2025-05-04
terms_open,239,2025-05-04
terms_by,96,2025-05-05
terms_open,239,2025-05-05
terms_by,97,2025-05-06
terms_open,239,2025-05-06
terms_by,97,2025-05-07
terms_open,239,2025-05-07
terms_by,97,2025-05-08
terms_open,239,2025-05-08
terms_by,51,2025-05-09
terms_open,192,2025-05-09
terms_by,97,2025-05-10
terms_open,239,2025-05-10
terms_by,97,2025-05-11
terms_open,239,2025-05-11
terms_by,97,2025-05-12
terms_open,239,2025-05-12
terms_by,97,2025-05-13
terms_open,239,2025-05-13
terms_by,97,2025-05-14
terms_open,239,2025-05-14
terms_by,97,2025-05-15
terms_open,239,2025-05-15
terms_by,97,2025-05-16
terms_open,241,2025-05-16
terms_by,99,2025-05-17
terms_open,241,2025-05-17
terms_by,99,2025-05-18
terms_open,241,2025-05-18
terms_by,99,2025-05-19
terms_open,241,2025-05-19
terms_by,99,2025-05-20
terms_open,241,2025-05-20
terms_by,99,2025-05-21
terms_open,241,2025-05-21
terms_by,97,2025-05-22
terms_open,242,2025-05-22
terms_by,97,2025-05-23
terms_open,242,2025-05-23
terms_by,97,2025-05-24
terms_open,241,2025-05-24
terms_by,97,2025-05-25
terms_open,242,2025-05-25
terms_by,97,2025-05-26
terms_open,242,2025-05-26
terms_by,97,2025-05-27
terms_open,243,2025-05-27
terms_by,97,2025-05-28
terms_open,243,2025-05-28
terms_by,97,2025-05-29
terms_open,243,2025-05-29
terms_by,97,2025-05-30
terms_open,243,2025-05-30
terms_by,97,2025-05-31
terms_open,243,2025-05-31
terms_by,97,2025-06-01
terms_open,243,2025-06-01
terms_by,97,2025-06-02
terms_open,243,2025-06-02
terms_by,97,2025-06-03
terms_open,243,2025-06-03
terms_by,97,2025-06-04
terms_open,243,2025-06-04
terms_by,97,2025-06-05
terms_open,243,2025-06-05
terms_by,97,2025-06-06
terms_open,243,2025-06-06
terms_by,97,2025-06-07
terms_open,243,2025-06-07
terms_by,97,2025-06-08
terms_open,243,2025-06-08
terms_by,97,2025-06-09
terms_open,243,2025-06-09
terms_by,97,2025-06-10
terms_open,243,2025-06-10
terms_by,97,2025-06-11
terms_open,243,2025-06-11
terms_by,97,2025-06-12
terms_open,243,2025-06-12
terms_by,97,2025-06-13
terms_open,243,2025-06-13
terms_by,96,2025-06-14
terms_open,243,2025-06-14
terms_by,96,2025-06-15
terms_open,243,2025-06-15
terms_by,96,2025-06-16
terms_open,243,2025-06-16
terms_by,96,2025-06-17
terms_open,243,2025-06-17
terms_by,96,2025-06-18
terms_open,243,2025-06-18
terms_by,96,2025-06-19
terms_open,243,2025-06-19
terms_by,98,2025-06-20
terms_open,243,2025-06-20
terms_by,98,2025-06-21
terms_open,243,2025-06-21
terms_by,98,2025-06-22
terms_open,243,2025-06-22
terms_by,98,2025-06-23
terms_open,243,2025-06-23
terms_by,98,2025-06-24
terms_open,243,2025-06-24
terms_by,98,2025-06-25
terms_open,243,2025-06-25
terms_by,98,2025-06-26
terms_open,243,2025-06-26
terms_by,98,2025-06-27
terms_open,243,2025-06-27
terms_by,98,2025-06-28
terms_open,243,2025-06-28
terms_by,98,2025-06-29
terms_open,243,2025-06-29
terms_by,98,2025-06-30
terms_open,243,2025-06-30
terms_by,98,2025-07-01
terms_open,243,2025-07-01
terms_by,98,2025-07-02
terms_open,243,2025-07-02
terms_by,99,2025-07-03
terms_open,242,2025-07-03
terms_by,99,2025-07-04
terms_open,242,2025-07-04
terms_by,99,2025-07-05
terms_open,242,2025-07-05
terms_by,99,2025-07-06
terms_open,242,2025-07-06
terms_by,99,2025-07-07
terms_open,242,2025-07-07
terms_by,99,2025-07-08
terms_open,242,2025-07-08
terms_by,99,2025-07-09
terms_open,242,2025-07-09
terms_by,100,2025-07-10
terms_open,242,2025-07-10
terms_by,100,2025-07-11
terms_open,242,2025-07-11
terms_by,98,2025-07-12
terms_open,243,2025-07-12
terms_by,99,2025-07-13
terms_open,243,2025-07-13
terms_by,99,2025-07-14
terms_open,243,2025-07-14
terms_by,99,2025-07-15
terms_open,243,2025-07-15
terms_by,99,2025-07-16
terms_open,243,2025-07-16
terms_by,99,2025-07-17
terms_open,243,2025-07-17
terms_by,99,2025-07-18
terms_open,243,2025-07-18
terms_by,99,2025-07-19
terms_open,243,2025-07-19
terms_by,99,2025-07-20
terms_open,243,2025-07-20
terms_by,99,2025-07-21
terms_open,243,2025-07-21
terms_by,99,2025-07-22
terms_open,243,2025-07-22
terms_by,99,2025-07-23
terms_open,243,2025-07-23
terms_by,99,2025-07-24
terms_open,243,2025-07-24
terms_by,99,2025-07-25
terms_open,243,2025-07-25
terms_by,99,2025-07-26
terms_open,243,2025-07-26
terms_by,99,2025-07-27
terms_open,243,2025-07-27
terms_by,99,2025-07-28
terms_open,243,2025-07-28
terms_by,99,2025-07-29
terms_open,243,2025-07-29
terms_by,99,2025-07-30
terms_open,243,2025-07-30
terms_by,99,2025-07-31
terms_open,243,2025-07-31
terms_by,99,2025-08-01
terms_open,243,2025-08-01
terms_by,99,2025-08-02
terms_open,243,2025-08-02
terms_by,99,2025-08-03
terms_open,243,2025-08-03
terms_by,99,2025-08-04
terms_open,243,2025-08-04
terms_by,98,2025-08-05
terms_open,242,2025-08-05
terms_by,98,2025-08-06
terms_open,243,2025-08-06
terms_by,101,2025-08-07
terms_open,243,2025-08-07
terms_by,101,2025-08-08
terms_open,243,2025-08-08
terms_by,101,2025-08-09
terms_open,243,2025-08-09
terms_by,101,2025-08-10
terms_open,243,2025-08-10
terms_by,101,2025-08-11
terms_open,243,2025-08-11
terms_by,101,2025-08-12
terms_open,243,2025-08-12
terms_by,101,2025-08-13
terms_open,243,2025-08-13
terms_by,101,2025-08-14
terms_open,243,2025-08-14
terms_by,101,2025-08-15
terms_open,243,2025-08-15
terms_by,101,2025-08-16
terms_open,243,2025-08-16
terms_by,101,2025-08-17
terms_open,243,2025-08-17
terms_by,101,2025-08-18
terms_open,243,2025-08-18
terms_by,101,2025-08-19
terms_open,243,2025-08-19
terms_by,101,2025-08-20
terms_open,241,2025-08-20
terms_by,101,2025-08-21
terms_open,241,2025-08-21
terms_by,101,2025-08-22
terms_open,243,2025-08-22
terms_by,101,2025-08-23
terms_open,243,2025-08-23
terms_by,101,2025-08-24
terms_open,243,2025-08-24
terms_by,101,2025-08-25
terms_open,243,2025-08-25
terms_by,101,2025-08-26
terms_open,243,2025-08-26
terms_by,101,2025-08-27
terms_open,243,2025-08-27
terms_by,101,2025-08-28
terms_open,243,2025-08-28
terms_by,101,2025-08-29
terms_open,243,2025-08-29
terms_by,101,2025-08-30
terms_open,243,2025-08-30
terms_by,101,2025-08-31
terms_open,243,2025-08-31
terms_by,101,2025-09-01
terms_open,243,2025-09-01
terms_by,101,2025-09-02
terms_open,243,2025-09-02
terms_by,101,2025-09-03
terms_open,243,2025-09-03
terms_by,101,2025-09-04
terms_open,243,2025-09-04
terms_by,101,2025-09-05
terms_open,242,2025-09-05
terms_by,101,2025-09-06
terms_open,243,2025-09-06
terms_by,101,2025-09-07
terms_open,243,2025-09-07
terms_by,101,2025-09-08
terms_open,243,2025-09-08
terms_by,101,2025-09-09
terms_open,243,2025-09-09
terms_by,101,2025-09-10
terms_open,243,2025-09-10
terms_by,101,2025-09-11
terms_open,243,2025-09-11
terms_by,101,2025-09-12
terms_open,243,2025-09-12
terms_by,101,2025-09-13
terms_open,243,2025-09-13
terms_by,101,2025-09-14
terms_open,243,2025-09-14
terms_by,101,2025-09-15
terms_open,243,2025-09-15
terms_by,101,2025-09-16
terms_open,243,2025-09-16
terms_by,101,2025-09-17
terms_open,243,2025-09-17
terms_by,101,2025-09-18
terms_open,243,2025-09-18
terms_by,101,2025-09-19
terms_open,243,2025-09-19
terms_by,101,2025-09-20
terms_open,243,2025-09-20
terms_by,101,2025-09-21
terms_open,243,2025-09-21
terms_by,101,2025-09-22
terms_open,243,2025-09-22
terms_by,101,2025-09-23
terms_open,243,2025-09-23
terms_by,101,2025-09-24
terms_open,243,2025-09-24
terms_by,101,2025-09-25
terms_open,243,2025-09-25
terms_by,101,2025-09-26
terms_open,243,2025-09-26
terms_by,101,2025-09-27
terms_open,243,2025-09-27
terms_by,101,2025-09-28
terms_open,243,2025-09-28
terms_by,101,2025-09-29
terms_open,243,2025-09-29
terms_by,101,2025-09-30
terms_open,243,2025-09-30
terms_by,101,2025-10-01
terms_open,243,2025-10-01
terms_by,101,2025-10-02
terms_open,243,2025-10-02
terms_by,101,2025-10-03
terms_open,243,2025-10-03
terms_by,101,2025-10-04
terms_open,243,2025-10-04
terms_by,101,2025-10-05
terms_open,243,2025-10-05
terms_by,101,2025-10-06
terms_open,243,2025-10-06
terms_by,101,2025-10-07
terms_open,243,2025-10-07
terms_by,101,2025-10-08
terms_open,243,2025-10-08
terms_by,101,2025-10-09
terms_open,243,2025-10-09
terms_by,100,2025-10-10
terms_open,243,2025-10-10
terms_by,100,2025-10-11
terms_open,243,2025-10-11
terms_by,100,2025-10-12
terms_open,243,2025-10-12
terms_by,100,2025-10-13
terms_open,243,2025-10-13
terms_by,100,2025-10-14
terms_open,243,2025-10-14
terms_by,100,2025-10-15
terms_open,243,2025-10-15
terms_by,100,2025-10-16
terms_open,243,2025-10-16
terms_by,100,2025-10-17
terms_open,243,2025-10-17
terms_by,100,2025-10-18
terms_open,243,2025-10-18
terms_by,100,2025-10-19
terms_open,243,2025-10-19
terms_by,100,2025-10-20
terms_open,243,2025-10-20
terms_by,100,2025-10-21
terms_open,243,2025-10-21
terms_by,100,2025-10-22
terms_open,243,2025-10-22
